post_id,user_id,post_type,content,recipient_id,visibility,post_time
1,932,message,"Nullam orci pede, venenatis non, sodales sed, tincidunt eu, felis.",296,0,2024/2/27 2:03
2,532,story,"Fusce congue, diam id ornare imperdiet, sapien urna pretium nisl, ut volutpat sapien arcu sed augue.",766,1,2024/2/27 18:57
3,877,story,Sed accumsan felis.,199,0,2024/2/27 22:29
4,683,message,Proin eu mi.,595,0,2024/2/27 22:12
5,450,story,Aliquam sit amet diam in magna bibendum imperdiet.,704,1,2024/2/27 23:29
6,96,message,Ut at dolor quis odio consequat varius.,146,0,2024/2/27 15:07
7,553,story,Fusce posuere felis sed lacus.,590,0,2024/2/27 10:08
8,599,story,Vivamus vel nulla eget eros elementum pellentesque.,407,1,2024/2/27 13:21
9,502,message,Donec dapibus.,735,0,2024/2/27 22:53
10,725,message,Vestibulum ante ipsum primis in faucibus orci luctus et ultrices posuere cubilia Curae; Nulla dapibus dolor vel est.,326,0,2024/2/27 14:30
11,725,message,Maecenas rhoncus aliquam lacus.,190,0,2024/2/27 17:31
12,289,story,Nunc rhoncus dui vel sem.,372,0,2024/2/27 20:45
13,550,story,"Vivamus metus arcu, adipiscing molestie, hendrerit at, vulputate vitae, nisl.",791,0,2024/2/27 15:24
14,110,story,Nullam sit amet turpis elementum ligula vehicula consequat.,687,1,2024/2/27 8:32
15,969,story,In hac habitasse platea dictumst.,112,1,2024/2/27 11:36
16,329,message,"Donec diam neque, vestibulum eget, vulputate ut, ultrices vel, augue.",1,1,2024/2/27 12:40
17,916,message,Donec dapibus.,814,0,2024/2/27 1:36
18,814,story,Nulla ut erat id mauris vulputate elementum.,636,1,2024/2/27 23:17
19,261,story,Nunc rhoncus dui vel sem.,543,1,2024/2/27 16:45
20,683,message,Maecenas tincidunt lacus at velit.,757,0,2024/2/27 21:23
21,600,message,"Integer aliquet, massa id lobortis convallis, tortor risus dapibus augue, vel accumsan tellus nisi eu orci.",195,0,2024/2/27 5:53
22,816,message,Curabitur at ipsum ac tellus semper interdum.,512,0,2024/2/27 8:37
23,838,story,Aenean sit amet justo.,107,1,2024/2/27 12:06
24,409,message,"Fusce lacus purus, aliquet at, feugiat non, pretium quis, lectus.",148,0,2024/2/27 12:42
25,802,message,Donec quis orci eget orci vehicula condimentum.,118,0,2024/2/27 23:40
26,305,message,Nullam porttitor lacus at turpis.,276,0,2024/2/27 23:23
27,265,message,Praesent blandit lacinia erat.,613,0,2024/2/27 17:24
28,623,story,Donec vitae nisi.,75,0,2024/2/27 2:35
29,554,story,Nulla tempus.,671,1,2024/2/27 11:52
30,8,story,Nunc nisl.,679,1,2024/2/27 12:09
31,762,message,"Cum sociis natoque penatibus et magnis dis parturient montes, nascetur ridiculus mus.",831,0,2024/2/27 23:29
32,203,message,Morbi vel lectus in quam fringilla rhoncus.,320,1,2024/2/27 4:16
33,695,message,Curabitur convallis.,874,1,2024/2/27 17:12
34,555,story,Pellentesque viverra pede ac diam.,805,1,2024/2/27 11:44
35,767,story,Duis mattis egestas metus.,410,0,2024/2/27 3:25
36,473,story,Proin at turpis a pede posuere nonummy.,816,0,2024/2/27 2:52
37,91,message,Duis mattis egestas metus.,853,1,2024/2/27 15:06
38,646,message,Cras pellentesque volutpat dui.,534,1,2024/2/27 16:35
39,484,story,Mauris ullamcorper purus sit amet nulla.,292,0,2024/2/27 22:10
40,879,story,Sed ante.,218,0,2024/2/27 4:09
41,445,message,Maecenas ut massa quis augue luctus tincidunt.,962,1,2024/2/27 15:23
42,981,message,"Donec odio justo, sollicitudin ut, suscipit a, feugiat et, eros.",593,0,2024/2/27 14:57
43,867,message,Curabitur in libero ut massa volutpat convallis.,37,0,2024/2/27 20:49
44,514,story,In quis justo.,565,1,2024/2/27 15:31
45,203,message,"Nam ultrices, libero non mattis pulvinar, nulla pede ullamcorper augue, a suscipit nulla elit ac nulla.",119,0,2024/2/27 18:51
46,401,message,Mauris ullamcorper purus sit amet nulla.,80,1,2024/2/27 11:30
47,476,story,Suspendisse potenti.,639,0,2024/2/27 15:30
48,102,message,In sagittis dui vel nisl.,220,1,2024/2/27 22:26
49,890,message,Morbi ut odio.,857,0,2024/2/27 10:53
50,811,story,Nulla mollis molestie lorem.,44,0,2024/2/27 2:33
51,612,story,Ut at dolor quis odio consequat varius.,215,0,2024/2/27 7:59
52,760,message,Quisque id justo sit amet sapien dignissim vestibulum.,749,0,2024/2/27 1:15
53,277,story,Maecenas ut massa quis augue luctus tincidunt.,846,0,2024/2/27 2:53
54,658,story,Mauris lacinia sapien quis libero.,369,0,2024/2/27 12:29
55,312,message,Nulla tempus.,999,0,2024/2/27 2:46
56,914,story,"Nulla neque libero, convallis eget, eleifend luctus, ultricies eu, nibh.",795,1,2024/2/27 13:56
57,892,message,Suspendisse ornare consequat lectus.,354,1,2024/2/27 12:26
58,368,story,Nulla ac enim.,490,0,2024/2/27 0:39
59,732,message,Nullam sit amet turpis elementum ligula vehicula consequat.,135,0,2024/2/27 0:29
60,269,message,"Nam ultrices, libero non mattis pulvinar, nulla pede ullamcorper augue, a suscipit nulla elit ac nulla.",199,1,2024/2/27 13:48
61,17,story,Integer non velit.,658,1,2024/2/27 2:05
62,774,message,Suspendisse potenti.,415,1,2024/2/27 2:59
63,870,story,Vestibulum ante ipsum primis in faucibus orci luctus et ultrices posuere cubilia Curae; Mauris viverra diam vitae quam.,346,1,2024/2/27 7:14
64,404,story,Cras in purus eu magna vulputate luctus.,378,0,2024/2/27 16:25
65,878,story,Curabitur gravida nisi at nibh.,424,1,2024/2/27 23:24
66,77,message,Duis ac nibh.,887,1,2024/2/27 8:24
67,434,story,In congue.,347,0,2024/2/27 8:49
68,438,message,Sed vel enim sit amet nunc viverra dapibus.,546,0,2024/2/27 21:04
69,303,message,"Cras mi pede, malesuada in, imperdiet et, commodo vulputate, justo.",163,0,2024/2/27 3:39
70,486,message,Morbi quis tortor id nulla ultrices aliquet.,262,0,2024/2/27 11:20
71,842,message,Curabitur gravida nisi at nibh.,607,0,2024/2/27 22:47
72,482,message,Donec ut dolor.,248,0,2024/2/27 6:51
73,289,message,"Donec odio justo, sollicitudin ut, suscipit a, feugiat et, eros.",44,0,2024/2/27 15:46
74,125,story,Pellentesque viverra pede ac diam.,423,1,2024/2/27 23:14
75,119,story,Quisque porta volutpat erat.,573,1,2024/2/27 14:04
76,527,story,Vestibulum ante ipsum primis in faucibus orci luctus et ultrices posuere cubilia Curae; Duis faucibus accumsan odio.,124,1,2024/2/27 12:11
77,481,story,Nam nulla.,530,0,2024/2/27 12:03
78,595,message,Duis consequat dui nec nisi volutpat eleifend.,794,0,2024/2/27 6:54
79,468,story,Praesent blandit lacinia erat.,815,0,2024/2/27 4:24
80,157,story,"Integer aliquet, massa id lobortis convallis, tortor risus dapibus augue, vel accumsan tellus nisi eu orci.",161,0,2024/2/27 0:26
81,859,story,Cras non velit nec nisi vulputate nonummy.,87,1,2024/2/27 18:44
82,114,story,Integer tincidunt ante vel ipsum.,871,0,2024/2/27 23:21
83,927,message,"Nam congue, risus semper porta volutpat, quam pede lobortis ligula, sit amet eleifend pede libero quis orci.",953,1,2024/2/27 15:05
84,308,story,Maecenas ut massa quis augue luctus tincidunt.,619,0,2024/2/27 18:53
85,632,message,Duis mattis egestas metus.,374,0,2024/2/27 10:34
86,468,message,Aenean fermentum.,205,1,2024/2/27 18:23
87,782,message,Donec posuere metus vitae ipsum.,63,1,2024/2/27 11:38
88,466,message,Etiam pretium iaculis justo.,764,1,2024/2/27 12:05
89,6,message,Proin interdum mauris non ligula pellentesque ultrices.,110,0,2024/2/27 23:38
90,952,story,In hac habitasse platea dictumst.,121,0,2024/2/27 22:04
91,460,message,Donec ut dolor.,852,0,2024/2/27 10:06
92,506,story,Ut at dolor quis odio consequat varius.,809,1,2024/2/27 11:42
93,480,story,Proin at turpis a pede posuere nonummy.,171,1,2024/2/27 4:13
94,979,message,"Morbi vestibulum, velit id pretium iaculis, diam erat fermentum justo, nec condimentum neque sapien placerat ante.",360,1,2024/2/27 1:16
95,22,message,Nulla suscipit ligula in lacus.,763,0,2024/2/27 0:49
96,752,story,Maecenas rhoncus aliquam lacus.,385,1,2024/2/27 8:40
97,12,story,Nulla tempus.,242,0,2024/2/27 1:18
98,789,story,Nulla justo.,23,0,2024/2/27 11:50
99,249,story,Suspendisse potenti.,930,0,2024/2/27 20:25
100,334,message,Duis mattis egestas metus.,950,0,2024/2/27 19:35
101,825,story,Curabitur convallis.,211,1,2024/2/27 12:22
102,258,story,Vestibulum sed magna at nunc commodo placerat.,556,1,2024/2/27 7:42
103,297,story,"Quisque arcu libero, rutrum ac, lobortis vel, dapibus at, diam.",352,0,2024/2/27 18:35
104,426,message,Morbi porttitor lorem id ligula.,224,0,2024/2/27 16:31
105,988,message,Morbi a ipsum.,678,1,2024/2/27 9:48
106,736,message,Curabitur convallis.,241,0,2024/2/27 23:27
107,200,message,Cras pellentesque volutpat dui.,698,1,2024/2/27 20:52
108,58,message,"Lorem ipsum dolor sit amet, consectetuer adipiscing elit.",431,1,2024/2/27 5:32
109,513,story,"Nulla neque libero, convallis eget, eleifend luctus, ultricies eu, nibh.",63,0,2024/2/27 15:02
110,976,story,Maecenas ut massa quis augue luctus tincidunt.,10,0,2024/2/27 8:05
111,211,message,Integer non velit.,534,1,2024/2/27 4:21
112,508,message,Curabitur convallis.,539,0,2024/2/27 12:33
113,468,message,Duis aliquam convallis nunc.,83,0,2024/2/27 6:11
114,331,message,Vestibulum ante ipsum primis in faucibus orci luctus et ultrices posuere cubilia Curae; Nulla dapibus dolor vel est.,536,1,2024/2/27 6:53
115,338,story,In eleifend quam a odio.,994,0,2024/2/27 17:45
116,829,story,Mauris ullamcorper purus sit amet nulla.,602,0,2024/2/27 22:11
117,946,message,Morbi non lectus.,291,1,2024/2/27 12:49
118,731,story,Integer non velit.,488,1,2024/2/27 20:35
119,427,message,Vivamus in felis eu sapien cursus vestibulum.,153,0,2024/2/27 16:27
120,814,story,Nunc nisl.,825,0,2024/2/27 18:07
121,476,story,Vestibulum rutrum rutrum neque.,88,0,2024/2/27 5:01
122,988,message,Phasellus sit amet erat.,379,0,2024/2/27 19:55
123,172,story,Mauris lacinia sapien quis libero.,469,0,2024/2/27 18:19
124,937,message,Donec dapibus.,39,0,2024/2/27 8:43
125,564,message,In hac habitasse platea dictumst.,664,0,2024/2/27 2:28
126,687,story,"Lorem ipsum dolor sit amet, consectetuer adipiscing elit.",233,0,2024/2/27 4:31
127,674,story,Duis mattis egestas metus.,658,1,2024/2/27 22:44
128,924,story,Nulla nisl.,960,1,2024/2/27 3:08
129,706,message,Sed ante.,775,1,2024/2/27 13:33
130,891,story,Nulla justo.,374,1,2024/2/27 2:04
131,964,message,"Morbi sem mauris, laoreet ut, rhoncus aliquet, pulvinar sed, nisl.",900,0,2024/2/27 21:16
132,869,story,Sed accumsan felis.,111,1,2024/2/27 5:46
133,717,message,Fusce consequat.,38,1,2024/2/27 9:27
134,826,story,In hac habitasse platea dictumst.,670,0,2024/2/27 7:05
135,11,message,Vestibulum ac est lacinia nisi venenatis tristique.,429,1,2024/2/27 21:14
136,235,message,Phasellus sit amet erat.,356,1,2024/2/27 12:46
137,525,message,Aenean lectus.,192,0,2024/2/27 23:52
138,785,story,Pellentesque ultrices mattis odio.,245,0,2024/2/27 16:39
139,542,message,"Integer aliquet, massa id lobortis convallis, tortor risus dapibus augue, vel accumsan tellus nisi eu orci.",696,0,2024/2/27 16:44
140,909,story,In hac habitasse platea dictumst.,235,1,2024/2/27 15:24
141,467,story,Quisque id justo sit amet sapien dignissim vestibulum.,428,1,2024/2/27 0:40
142,588,message,Sed sagittis.,880,0,2024/2/27 10:57
143,161,message,"Aliquam augue quam, sollicitudin vitae, consectetuer eget, rutrum at, lorem.",734,1,2024/2/27 1:37
144,441,message,Etiam faucibus cursus urna.,572,0,2024/2/27 7:56
145,1,message,"Aliquam augue quam, sollicitudin vitae, consectetuer eget, rutrum at, lorem.",914,0,2024/2/27 16:00
146,860,message,Aliquam erat volutpat.,914,1,2024/2/27 18:24
147,428,story,"Vestibulum quam sapien, varius ut, blandit non, interdum in, ante.",541,0,2024/2/27 2:36
148,713,message,"Vivamus metus arcu, adipiscing molestie, hendrerit at, vulputate vitae, nisl.",110,1,2024/2/27 20:17
149,780,story,Praesent blandit lacinia erat.,118,0,2024/2/27 23:47
150,390,story,Aliquam non mauris.,991,1,2024/2/27 10:16
151,589,story,Vivamus tortor.,646,1,2024/2/27 7:03
152,413,message,Suspendisse potenti.,626,0,2024/2/27 17:11
153,136,story,Mauris lacinia sapien quis libero.,895,1,2024/2/27 10:36
154,619,message,Ut tellus.,257,0,2024/2/27 7:51
155,766,message,"Proin leo odio, porttitor id, consequat in, consequat ut, nulla.",617,0,2024/2/27 6:38
156,265,message,"Mauris enim leo, rhoncus sed, vestibulum sit amet, cursus id, turpis.",433,1,2024/2/27 6:29
157,667,story,Nam nulla.,814,0,2024/2/27 8:29
158,56,message,Phasellus in felis.,507,0,2024/2/27 13:44
159,117,story,In blandit ultrices enim.,428,0,2024/2/27 15:27
160,655,message,Duis consequat dui nec nisi volutpat eleifend.,729,1,2024/2/27 16:35
161,466,message,Sed sagittis.,736,1,2024/2/27 13:34
162,939,message,Sed sagittis.,3,0,2024/2/27 3:40
163,447,story,Etiam faucibus cursus urna.,941,0,2024/2/27 18:01
164,848,message,Sed accumsan felis.,542,1,2024/2/27 20:35
165,258,story,Maecenas tincidunt lacus at velit.,366,1,2024/2/27 14:00
166,682,story,Duis ac nibh.,801,1,2024/2/27 18:29
167,467,message,Duis bibendum.,425,0,2024/2/27 14:23
168,604,story,Quisque ut erat.,870,1,2024/2/27 16:53
169,548,story,Aenean lectus.,924,0,2024/2/27 23:02
170,736,story,Pellentesque eget nunc.,929,0,2024/2/27 23:02
171,497,story,Aliquam quis turpis eget elit sodales scelerisque.,939,1,2024/2/27 5:31
172,63,story,Pellentesque at nulla.,445,0,2024/2/27 16:51
173,247,story,Vivamus vel nulla eget eros elementum pellentesque.,17,0,2024/2/27 19:25
174,416,story,Nulla mollis molestie lorem.,957,0,2024/2/27 6:41
175,455,story,Vivamus in felis eu sapien cursus vestibulum.,58,0,2024/2/27 20:05
176,263,message,Proin risus.,206,1,2024/2/27 11:41
177,307,story,In quis justo.,827,0,2024/2/27 5:39
178,476,message,"Lorem ipsum dolor sit amet, consectetuer adipiscing elit.",134,0,2024/2/27 11:03
179,347,message,"Vivamus metus arcu, adipiscing molestie, hendrerit at, vulputate vitae, nisl.",986,1,2024/2/27 23:13
180,298,story,Etiam faucibus cursus urna.,142,0,2024/2/27 2:08
181,515,story,"Nullam orci pede, venenatis non, sodales sed, tincidunt eu, felis.",277,0,2024/2/27 13:07
182,265,story,Etiam vel augue.,532,0,2024/2/27 19:19
183,366,message,Morbi porttitor lorem id ligula.,643,0,2024/2/27 12:16
184,15,story,Morbi non quam nec dui luctus rutrum.,119,1,2024/2/27 12:52
185,909,story,"Mauris enim leo, rhoncus sed, vestibulum sit amet, cursus id, turpis.",634,0,2024/2/27 11:11
186,529,story,Nulla ut erat id mauris vulputate elementum.,796,1,2024/2/27 23:56
187,98,message,Nulla ac enim.,690,1,2024/2/27 1:42
188,844,message,"Nam congue, risus semper porta volutpat, quam pede lobortis ligula, sit amet eleifend pede libero quis orci.",803,0,2024/2/27 19:34
189,833,message,"Morbi vestibulum, velit id pretium iaculis, diam erat fermentum justo, nec condimentum neque sapien placerat ante.",466,1,2024/2/27 13:03
190,390,message,Nulla suscipit ligula in lacus.,431,1,2024/2/27 15:57
191,714,message,"Nullam orci pede, venenatis non, sodales sed, tincidunt eu, felis.",704,0,2024/2/27 10:38
192,573,message,Maecenas pulvinar lobortis est.,575,1,2024/2/27 17:40
193,556,message,"In tempor, turpis nec euismod scelerisque, quam turpis adipiscing lorem, vitae mattis nibh ligula nec sem.",139,1,2024/2/27 9:39
194,700,message,Suspendisse potenti.,206,1,2024/2/27 9:11
195,262,story,Phasellus id sapien in sapien iaculis congue.,682,0,2024/2/27 7:58
196,273,message,Etiam pretium iaculis justo.,424,1,2024/2/27 10:05
197,844,message,"Donec odio justo, sollicitudin ut, suscipit a, feugiat et, eros.",639,0,2024/2/27 0:10
198,149,message,Duis ac nibh.,480,1,2024/2/27 0:49
199,719,message,"Cras mi pede, malesuada in, imperdiet et, commodo vulputate, justo.",224,1,2024/2/27 10:43
200,387,story,Phasellus in felis.,599,1,2024/2/27 18:24
201,713,story,Integer non velit.,250,1,2024/2/27 17:11
202,791,story,Proin interdum mauris non ligula pellentesque ultrices.,966,1,2024/2/27 18:11
203,521,message,"Morbi vestibulum, velit id pretium iaculis, diam erat fermentum justo, nec condimentum neque sapien placerat ante.",579,0,2024/2/27 12:42
204,729,message,"Donec odio justo, sollicitudin ut, suscipit a, feugiat et, eros.",479,1,2024/2/27 20:09
205,336,story,"In tempor, turpis nec euismod scelerisque, quam turpis adipiscing lorem, vitae mattis nibh ligula nec sem.",483,0,2024/2/27 21:09
206,935,story,"Nam congue, risus semper porta volutpat, quam pede lobortis ligula, sit amet eleifend pede libero quis orci.",291,1,2024/2/27 1:44
207,560,message,Morbi vel lectus in quam fringilla rhoncus.,601,1,2024/2/27 11:52
208,671,message,"Vestibulum ante ipsum primis in faucibus orci luctus et ultrices posuere cubilia Curae; Donec pharetra, magna vestibulum aliquet ultrices, erat tortor sollicitudin mi, sit amet lobortis sapien sapien non mi.",99,1,2024/2/27 23:10
209,456,story,In congue.,613,1,2024/2/27 12:34
210,229,message,Suspendisse potenti.,898,0,2024/2/27 21:13
211,734,message,"Nam congue, risus semper porta volutpat, quam pede lobortis ligula, sit amet eleifend pede libero quis orci.",420,0,2024/2/27 14:08
212,501,story,Duis aliquam convallis nunc.,495,0,2024/2/27 12:26
213,854,message,"Cum sociis natoque penatibus et magnis dis parturient montes, nascetur ridiculus mus.",180,1,2024/2/27 10:06
214,934,story,Nulla ac enim.,663,1,2024/2/27 1:51
215,854,story,Suspendisse potenti.,518,0,2024/2/27 2:42
216,257,story,Morbi vel lectus in quam fringilla rhoncus.,163,1,2024/2/27 11:13
217,581,story,"Integer aliquet, massa id lobortis convallis, tortor risus dapibus augue, vel accumsan tellus nisi eu orci.",902,1,2024/2/27 6:42
218,19,message,Maecenas rhoncus aliquam lacus.,585,1,2024/2/27 11:18
219,594,story,Duis aliquam convallis nunc.,983,1,2024/2/27 2:34
220,241,story,"In tempor, turpis nec euismod scelerisque, quam turpis adipiscing lorem, vitae mattis nibh ligula nec sem.",478,0,2024/2/27 0:13
221,511,story,In hac habitasse platea dictumst.,478,1,2024/2/27 8:42
222,765,story,Morbi vel lectus in quam fringilla rhoncus.,372,1,2024/2/27 10:34
223,161,message,Sed vel enim sit amet nunc viverra dapibus.,66,1,2024/2/27 8:02
224,26,story,Praesent id massa id nisl venenatis lacinia.,901,1,2024/2/27 12:37
225,351,message,Nulla ac enim.,409,0,2024/2/27 7:12
226,669,story,Aenean auctor gravida sem.,12,1,2024/2/27 12:46
227,478,message,Donec semper sapien a libero.,31,1,2024/2/27 3:44
228,733,message,Morbi porttitor lorem id ligula.,286,0,2024/2/27 18:07
229,467,message,"Cum sociis natoque penatibus et magnis dis parturient montes, nascetur ridiculus mus.",871,0,2024/2/27 9:39
230,230,story,Nunc purus.,614,0,2024/2/27 22:50
231,808,story,Pellentesque viverra pede ac diam.,786,1,2024/2/27 17:24
232,273,message,Duis mattis egestas metus.,879,1,2024/2/27 0:51
233,197,story,Nullam molestie nibh in lectus.,100,1,2024/2/27 8:04
234,558,message,"Nam ultrices, libero non mattis pulvinar, nulla pede ullamcorper augue, a suscipit nulla elit ac nulla.",19,0,2024/2/27 20:05
235,199,message,Donec semper sapien a libero.,642,0,2024/2/27 17:24
236,454,message,Morbi quis tortor id nulla ultrices aliquet.,948,1,2024/2/27 5:44
237,700,message,Cras non velit nec nisi vulputate nonummy.,37,1,2024/2/27 0:23
238,110,message,"Donec diam neque, vestibulum eget, vulputate ut, ultrices vel, augue.",548,1,2024/2/27 4:33
239,939,message,Donec posuere metus vitae ipsum.,283,0,2024/2/27 0:41
240,422,message,Etiam faucibus cursus urna.,104,0,2024/2/27 15:45
241,594,message,Vestibulum sed magna at nunc commodo placerat.,265,0,2024/2/27 5:55
242,383,story,Nulla ut erat id mauris vulputate elementum.,552,1,2024/2/27 17:16
243,761,story,Mauris lacinia sapien quis libero.,682,1,2024/2/27 7:09
244,394,story,Praesent id massa id nisl venenatis lacinia.,639,0,2024/2/27 15:22
245,818,message,Vivamus tortor.,373,0,2024/2/27 22:06
246,66,story,Etiam pretium iaculis justo.,980,0,2024/2/27 8:04
247,32,story,Ut tellus.,338,1,2024/2/27 20:44
248,9,message,Morbi non lectus.,31,0,2024/2/27 1:00
249,321,story,Cras non velit nec nisi vulputate nonummy.,267,1,2024/2/27 0:05
250,347,story,Ut tellus.,5,0,2024/2/27 22:29
251,729,story,Nulla tempus.,861,1,2024/2/27 17:23
252,757,story,Donec ut dolor.,747,1,2024/2/27 14:49
253,607,story,Sed ante.,586,0,2024/2/27 16:32
254,296,message,Cras non velit nec nisi vulputate nonummy.,17,1,2024/2/27 10:08
255,171,story,Pellentesque eget nunc.,468,0,2024/2/27 19:08
256,83,story,Fusce consequat.,968,1,2024/2/27 7:23
257,773,story,"Lorem ipsum dolor sit amet, consectetuer adipiscing elit.",616,1,2024/2/27 2:41
258,544,story,Morbi non lectus.,617,0,2024/2/27 18:59
259,153,story,"Fusce lacus purus, aliquet at, feugiat non, pretium quis, lectus.",27,1,2024/2/27 0:50
260,225,story,In eleifend quam a odio.,458,1,2024/2/27 13:37
261,437,message,Aliquam erat volutpat.,408,1,2024/2/27 20:11
262,969,message,Nullam sit amet turpis elementum ligula vehicula consequat.,948,0,2024/2/27 18:33
263,617,message,Sed accumsan felis.,153,1,2024/2/27 22:43
264,98,message,"Fusce lacus purus, aliquet at, feugiat non, pretium quis, lectus.",3,0,2024/2/27 12:52
265,345,story,In congue.,229,0,2024/2/27 10:39
266,348,story,Nullam varius.,480,1,2024/2/27 11:12
267,724,story,Quisque porta volutpat erat.,504,0,2024/2/27 2:01
268,857,story,Maecenas pulvinar lobortis est.,640,0,2024/2/27 11:39
269,963,message,Suspendisse accumsan tortor quis turpis.,610,1,2024/2/27 5:15
270,12,message,Praesent blandit lacinia erat.,21,1,2024/2/27 11:01
271,967,story,Maecenas ut massa quis augue luctus tincidunt.,38,0,2024/2/27 20:07
272,565,message,In eleifend quam a odio.,885,1,2024/2/27 20:02
273,173,story,"Morbi vestibulum, velit id pretium iaculis, diam erat fermentum justo, nec condimentum neque sapien placerat ante.",843,0,2024/2/27 3:21
274,312,story,Etiam justo.,402,1,2024/2/27 3:24
275,1,message,Maecenas pulvinar lobortis est.,157,1,2024/2/27 1:39
276,746,story,"Nam ultrices, libero non mattis pulvinar, nulla pede ullamcorper augue, a suscipit nulla elit ac nulla.",57,0,2024/2/27 21:45
277,243,message,"Cum sociis natoque penatibus et magnis dis parturient montes, nascetur ridiculus mus.",241,1,2024/2/27 7:58
278,838,story,"Vestibulum ante ipsum primis in faucibus orci luctus et ultrices posuere cubilia Curae; Donec pharetra, magna vestibulum aliquet ultrices, erat tortor sollicitudin mi, sit amet lobortis sapien sapien non mi.",640,0,2024/2/27 3:45
279,569,message,Morbi non lectus.,866,1,2024/2/27 2:08
280,412,story,In sagittis dui vel nisl.,487,0,2024/2/27 15:24
281,223,message,Nullam varius.,937,1,2024/2/27 15:02
282,917,story,"Proin leo odio, porttitor id, consequat in, consequat ut, nulla.",836,1,2024/2/27 18:28
283,129,story,In hac habitasse platea dictumst.,828,0,2024/2/27 0:08
284,994,message,Cras non velit nec nisi vulputate nonummy.,365,1,2024/2/27 2:12
285,600,story,Duis ac nibh.,185,0,2024/2/27 3:49
286,273,story,"Cras mi pede, malesuada in, imperdiet et, commodo vulputate, justo.",517,0,2024/2/27 13:25
287,759,message,In sagittis dui vel nisl.,193,0,2024/2/27 6:16
288,117,story,"Proin leo odio, porttitor id, consequat in, consequat ut, nulla.",965,1,2024/2/27 19:11
289,629,story,Mauris lacinia sapien quis libero.,713,1,2024/2/27 3:09
290,910,message,"Nam congue, risus semper porta volutpat, quam pede lobortis ligula, sit amet eleifend pede libero quis orci.",475,1,2024/2/27 20:35
291,135,story,Ut at dolor quis odio consequat varius.,199,0,2024/2/27 5:11
292,749,message,In hac habitasse platea dictumst.,600,1,2024/2/27 23:14
293,396,message,"Fusce lacus purus, aliquet at, feugiat non, pretium quis, lectus.",397,1,2024/2/27 19:39
294,872,message,"Nam ultrices, libero non mattis pulvinar, nulla pede ullamcorper augue, a suscipit nulla elit ac nulla.",781,1,2024/2/27 0:06
295,466,message,In quis justo.,358,1,2024/2/27 1:02
296,113,story,Morbi non lectus.,102,1,2024/2/27 6:06
297,968,story,Donec semper sapien a libero.,641,1,2024/2/27 1:00
298,39,message,Etiam pretium iaculis justo.,882,1,2024/2/27 2:49
299,939,story,Sed ante.,834,1,2024/2/27 21:09
300,299,story,"Maecenas tristique, est et tempus semper, est quam pharetra magna, ac consequat metus sapien ut nunc.",249,0,2024/2/27 9:24
301,490,story,Curabitur convallis.,81,1,2024/2/27 17:44
302,384,message,Nulla mollis molestie lorem.,666,0,2024/2/27 0:02
303,474,story,Etiam faucibus cursus urna.,837,1,2024/2/27 13:50
304,587,story,"Morbi vestibulum, velit id pretium iaculis, diam erat fermentum justo, nec condimentum neque sapien placerat ante.",174,1,2024/2/27 11:27
305,416,message,Nulla tellus.,46,0,2024/2/27 6:38
306,66,story,Duis aliquam convallis nunc.,579,0,2024/2/27 10:56
307,980,message,Maecenas rhoncus aliquam lacus.,326,0,2024/2/27 11:31
308,672,message,Suspendisse potenti.,81,0,2024/2/27 17:17
309,698,message,Curabitur in libero ut massa volutpat convallis.,5,1,2024/2/27 17:00
310,733,story,"Fusce congue, diam id ornare imperdiet, sapien urna pretium nisl, ut volutpat sapien arcu sed augue.",896,0,2024/2/27 1:34
311,22,story,Proin at turpis a pede posuere nonummy.,285,1,2024/2/27 1:08
312,986,message,Donec quis orci eget orci vehicula condimentum.,46,1,2024/2/27 22:48
313,396,message,"Fusce lacus purus, aliquet at, feugiat non, pretium quis, lectus.",287,1,2024/2/27 12:15
314,255,message,Morbi porttitor lorem id ligula.,338,0,2024/2/27 6:06
315,122,message,Maecenas ut massa quis augue luctus tincidunt.,774,0,2024/2/27 7:41
316,254,message,Etiam faucibus cursus urna.,338,1,2024/2/27 0:11
317,216,story,Nulla ut erat id mauris vulputate elementum.,431,0,2024/2/27 14:00
318,864,story,Ut tellus.,305,0,2024/2/27 11:40
319,970,message,"Quisque arcu libero, rutrum ac, lobortis vel, dapibus at, diam.",495,0,2024/2/27 5:26
320,969,message,Morbi non quam nec dui luctus rutrum.,552,1,2024/2/27 15:13
321,531,message,Vestibulum ac est lacinia nisi venenatis tristique.,27,1,2024/2/27 8:34
322,747,story,In hac habitasse platea dictumst.,757,0,2024/2/27 7:50
323,33,message,"Nullam orci pede, venenatis non, sodales sed, tincidunt eu, felis.",886,1,2024/2/27 9:55
324,165,message,Mauris sit amet eros.,365,1,2024/2/27 13:24
325,25,message,Morbi porttitor lorem id ligula.,978,0,2024/2/27 10:30
326,532,message,Vestibulum ante ipsum primis in faucibus orci luctus et ultrices posuere cubilia Curae; Duis faucibus accumsan odio.,663,0,2024/2/27 8:48
327,271,story,Sed accumsan felis.,748,0,2024/2/27 0:54
328,135,message,Maecenas pulvinar lobortis est.,604,1,2024/2/27 11:22
329,585,story,Ut at dolor quis odio consequat varius.,173,1,2024/2/27 6:59
330,315,message,Proin risus.,470,1,2024/2/27 12:42
331,481,story,Pellentesque viverra pede ac diam.,44,1,2024/2/27 11:12
332,877,message,Maecenas tincidunt lacus at velit.,759,1,2024/2/27 5:52
333,785,story,"Quisque arcu libero, rutrum ac, lobortis vel, dapibus at, diam.",448,0,2024/2/27 4:55
334,630,story,Quisque ut erat.,628,0,2024/2/27 8:05
335,852,message,In quis justo.,581,0,2024/2/27 8:38
336,876,message,Nulla suscipit ligula in lacus.,650,1,2024/2/27 6:15
337,302,message,Nulla ac enim.,723,1,2024/2/27 14:53
338,750,message,Nulla tellus.,209,1,2024/2/27 9:43
339,205,message,Nulla suscipit ligula in lacus.,527,0,2024/2/27 0:41
340,863,message,Pellentesque at nulla.,638,1,2024/2/27 20:12
341,345,message,In hac habitasse platea dictumst.,111,1,2024/2/27 22:15
342,565,message,"Cras mi pede, malesuada in, imperdiet et, commodo vulputate, justo.",792,0,2024/2/27 6:07
343,632,message,Etiam vel augue.,901,0,2024/2/27 21:46
344,957,story,In eleifend quam a odio.,629,0,2024/2/27 14:33
345,454,message,Proin at turpis a pede posuere nonummy.,939,0,2024/2/27 0:22
346,158,story,In hac habitasse platea dictumst.,659,1,2024/2/27 21:52
347,249,message,Nam dui.,684,1,2024/2/27 22:48
348,667,story,Nullam sit amet turpis elementum ligula vehicula consequat.,599,1,2024/2/27 23:17
349,365,message,Nam dui.,421,0,2024/2/27 13:03
350,977,message,"Nam ultrices, libero non mattis pulvinar, nulla pede ullamcorper augue, a suscipit nulla elit ac nulla.",288,0,2024/2/27 22:22
351,647,message,Suspendisse potenti.,966,1,2024/2/27 0:38
352,248,message,Nulla ut erat id mauris vulputate elementum.,746,0,2024/2/27 11:46
353,864,message,Integer ac neque.,483,1,2024/2/27 12:47
354,529,message,"Fusce lacus purus, aliquet at, feugiat non, pretium quis, lectus.",270,0,2024/2/27 10:05
355,492,message,Vivamus tortor.,517,1,2024/2/27 21:02
356,620,story,Morbi vel lectus in quam fringilla rhoncus.,590,0,2024/2/27 15:29
357,128,message,Sed vel enim sit amet nunc viverra dapibus.,289,0,2024/2/27 2:13
358,447,story,"Fusce congue, diam id ornare imperdiet, sapien urna pretium nisl, ut volutpat sapien arcu sed augue.",132,0,2024/2/27 20:17
359,701,message,"Nulla neque libero, convallis eget, eleifend luctus, ultricies eu, nibh.",284,1,2024/2/27 17:35
360,502,message,Morbi non lectus.,363,1,2024/2/27 18:12
361,624,message,Morbi non quam nec dui luctus rutrum.,771,0,2024/2/27 19:23
362,605,story,"Nam ultrices, libero non mattis pulvinar, nulla pede ullamcorper augue, a suscipit nulla elit ac nulla.",976,1,2024/2/27 0:33
363,2,story,"Quisque erat eros, viverra eget, congue eget, semper rutrum, nulla.",829,1,2024/2/27 13:09
364,135,message,Nunc rhoncus dui vel sem.,759,0,2024/2/27 6:49
365,192,story,Mauris lacinia sapien quis libero.,290,1,2024/2/27 18:43
366,639,story,"Morbi odio odio, elementum eu, interdum eu, tincidunt in, leo.",657,0,2024/2/27 5:04
367,579,story,Pellentesque at nulla.,644,0,2024/2/27 14:03
368,655,message,Nam dui.,501,1,2024/2/27 8:33
369,34,story,Donec quis orci eget orci vehicula condimentum.,159,0,2024/2/27 9:31
370,592,message,"Nullam orci pede, venenatis non, sodales sed, tincidunt eu, felis.",278,0,2024/2/27 12:54
371,651,message,Integer ac neque.,875,1,2024/2/27 10:12
372,565,message,Nullam sit amet turpis elementum ligula vehicula consequat.,375,1,2024/2/27 4:07
373,108,message,"Proin leo odio, porttitor id, consequat in, consequat ut, nulla.",53,1,2024/2/27 12:10
374,359,message,"Morbi sem mauris, laoreet ut, rhoncus aliquet, pulvinar sed, nisl.",444,1,2024/2/27 1:23
375,925,story,Aliquam sit amet diam in magna bibendum imperdiet.,966,1,2024/2/27 20:06
376,275,story,Curabitur at ipsum ac tellus semper interdum.,906,0,2024/2/27 16:08
377,811,message,In hac habitasse platea dictumst.,655,0,2024/2/27 21:14
378,706,message,"Donec odio justo, sollicitudin ut, suscipit a, feugiat et, eros.",166,0,2024/2/27 16:40
379,229,message,Quisque ut erat.,952,1,2024/2/27 12:00
380,862,message,Nam nulla.,462,0,2024/2/27 21:51
381,244,story,Ut at dolor quis odio consequat varius.,365,1,2024/2/27 13:45
382,953,message,Sed accumsan felis.,907,0,2024/2/27 19:00
383,962,message,Aenean lectus.,91,0,2024/2/27 13:37
384,881,story,Praesent id massa id nisl venenatis lacinia.,312,1,2024/2/27 6:53
385,559,message,Pellentesque viverra pede ac diam.,252,1,2024/2/27 12:46
386,423,message,Curabitur gravida nisi at nibh.,762,0,2024/2/27 18:36
387,330,message,Praesent lectus.,960,0,2024/2/27 23:19
388,119,story,Donec semper sapien a libero.,359,0,2024/2/27 9:10
389,612,message,"Nam congue, risus semper porta volutpat, quam pede lobortis ligula, sit amet eleifend pede libero quis orci.",358,1,2024/2/27 18:49
390,841,message,Vestibulum ac est lacinia nisi venenatis tristique.,738,0,2024/2/27 12:57
391,835,story,Morbi ut odio.,612,0,2024/2/27 7:36
392,730,message,Cras non velit nec nisi vulputate nonummy.,180,1,2024/2/27 0:48
393,202,message,"Vivamus metus arcu, adipiscing molestie, hendrerit at, vulputate vitae, nisl.",705,1,2024/2/27 2:39
394,326,message,Vestibulum ante ipsum primis in faucibus orci luctus et ultrices posuere cubilia Curae; Duis faucibus accumsan odio.,471,0,2024/2/27 18:19
395,843,message,Suspendisse potenti.,619,1,2024/2/27 14:58
396,822,story,"Fusce lacus purus, aliquet at, feugiat non, pretium quis, lectus.",102,0,2024/2/27 21:59
397,340,message,Integer ac neque.,452,0,2024/2/27 23:26
398,573,message,In congue.,176,0,2024/2/27 6:44
399,965,message,"Fusce congue, diam id ornare imperdiet, sapien urna pretium nisl, ut volutpat sapien arcu sed augue.",382,0,2024/2/27 0:25
400,901,story,In congue.,335,1,2024/2/27 19:37
401,659,story,"Quisque erat eros, viverra eget, congue eget, semper rutrum, nulla.",295,1,2024/2/27 20:58
402,424,story,Morbi quis tortor id nulla ultrices aliquet.,167,1,2024/2/27 6:59
403,546,story,Morbi porttitor lorem id ligula.,399,1,2024/2/27 1:45
404,139,story,Aliquam erat volutpat.,737,0,2024/2/27 8:47
405,442,message,Nullam porttitor lacus at turpis.,690,0,2024/2/27 12:31
406,586,story,In hac habitasse platea dictumst.,735,1,2024/2/27 18:38
407,863,message,Morbi vel lectus in quam fringilla rhoncus.,926,0,2024/2/27 22:59
408,31,message,Aliquam quis turpis eget elit sodales scelerisque.,195,1,2024/2/27 19:23
409,844,story,Etiam pretium iaculis justo.,371,1,2024/2/27 15:04
410,661,story,Etiam pretium iaculis justo.,636,0,2024/2/27 14:46
411,820,message,Vestibulum ante ipsum primis in faucibus orci luctus et ultrices posuere cubilia Curae; Mauris viverra diam vitae quam.,951,0,2024/2/27 20:40
412,299,message,Ut at dolor quis odio consequat varius.,706,0,2024/2/27 21:45
413,447,message,Donec quis orci eget orci vehicula condimentum.,501,1,2024/2/27 19:33
414,449,story,"Cum sociis natoque penatibus et magnis dis parturient montes, nascetur ridiculus mus.",235,0,2024/2/27 10:19
415,339,message,"Vestibulum quam sapien, varius ut, blandit non, interdum in, ante.",270,0,2024/2/27 9:00
416,263,message,"Donec diam neque, vestibulum eget, vulputate ut, ultrices vel, augue.",711,1,2024/2/27 20:04
417,209,story,Nulla facilisi.,785,1,2024/2/27 0:54
418,573,story,"Maecenas tristique, est et tempus semper, est quam pharetra magna, ac consequat metus sapien ut nunc.",130,0,2024/2/27 19:15
419,11,message,"Nulla neque libero, convallis eget, eleifend luctus, ultricies eu, nibh.",107,0,2024/2/27 20:28
420,188,story,Nullam porttitor lacus at turpis.,200,1,2024/2/27 19:16
421,368,story,"Mauris enim leo, rhoncus sed, vestibulum sit amet, cursus id, turpis.",723,1,2024/2/27 0:25
422,224,story,Nam dui.,252,1,2024/2/27 19:45
423,369,story,Vivamus in felis eu sapien cursus vestibulum.,63,0,2024/2/27 0:30
424,386,story,Sed sagittis.,157,0,2024/2/27 4:42
425,114,story,Suspendisse accumsan tortor quis turpis.,615,1,2024/2/27 12:23
426,643,story,Integer ac neque.,394,1,2024/2/27 17:51
427,110,message,"Maecenas leo odio, condimentum id, luctus nec, molestie sed, justo.",3,1,2024/2/27 21:23
428,89,story,Aliquam non mauris.,318,1,2024/2/27 17:18
429,237,message,Morbi a ipsum.,780,0,2024/2/27 5:35
430,492,story,In hac habitasse platea dictumst.,274,1,2024/2/27 13:19
431,206,message,Integer tincidunt ante vel ipsum.,239,0,2024/2/27 3:26
432,86,story,"Aliquam augue quam, sollicitudin vitae, consectetuer eget, rutrum at, lorem.",589,0,2024/2/27 8:16
433,726,story,"Morbi vestibulum, velit id pretium iaculis, diam erat fermentum justo, nec condimentum neque sapien placerat ante.",228,0,2024/2/27 7:12
434,811,message,In congue.,993,0,2024/2/27 9:44
435,524,story,Curabitur convallis.,784,0,2024/2/27 13:34
436,159,message,Morbi a ipsum.,745,1,2024/2/27 10:36
437,820,message,In blandit ultrices enim.,424,0,2024/2/27 16:44
438,794,story,Quisque porta volutpat erat.,921,1,2024/2/27 4:09
439,935,story,Duis aliquam convallis nunc.,998,1,2024/2/27 0:05
440,553,message,"Integer aliquet, massa id lobortis convallis, tortor risus dapibus augue, vel accumsan tellus nisi eu orci.",659,1,2024/2/27 20:03
441,530,story,Maecenas pulvinar lobortis est.,458,1,2024/2/27 9:54
442,605,story,Phasellus sit amet erat.,583,1,2024/2/27 23:10
443,102,story,Nullam molestie nibh in lectus.,209,0,2024/2/27 18:08
444,276,message,Mauris lacinia sapien quis libero.,338,1,2024/2/27 4:03
445,496,message,Duis consequat dui nec nisi volutpat eleifend.,772,1,2024/2/27 9:07
446,22,message,Sed sagittis.,317,0,2024/2/27 19:16
447,65,story,Donec posuere metus vitae ipsum.,950,1,2024/2/27 4:48
448,880,message,Aenean auctor gravida sem.,90,0,2024/2/27 14:31
449,687,message,Suspendisse potenti.,388,0,2024/2/27 13:53
450,4,message,Aenean fermentum.,983,0,2024/2/27 1:50
451,662,message,"Fusce lacus purus, aliquet at, feugiat non, pretium quis, lectus.",322,1,2024/2/27 19:02
452,655,message,Morbi a ipsum.,428,1,2024/2/27 10:40
453,265,message,Integer tincidunt ante vel ipsum.,107,0,2024/2/27 7:45
454,705,story,In sagittis dui vel nisl.,632,1,2024/2/27 6:32
455,960,story,Cras pellentesque volutpat dui.,445,0,2024/2/27 12:56
456,163,message,"Nam congue, risus semper porta volutpat, quam pede lobortis ligula, sit amet eleifend pede libero quis orci.",776,0,2024/2/27 2:05
457,495,story,Aenean auctor gravida sem.,324,0,2024/2/27 14:04
458,994,message,Mauris lacinia sapien quis libero.,586,0,2024/2/27 3:17
459,569,message,Nullam porttitor lacus at turpis.,249,1,2024/2/27 4:30
460,915,story,Sed ante.,535,0,2024/2/27 9:32
461,267,message,Nam dui.,519,0,2024/2/27 18:25
462,312,message,Curabitur at ipsum ac tellus semper interdum.,130,1,2024/2/27 1:27
463,450,message,Proin interdum mauris non ligula pellentesque ultrices.,815,1,2024/2/27 1:28
464,342,story,Aliquam non mauris.,25,1,2024/2/27 21:49
465,167,story,Mauris sit amet eros.,184,0,2024/2/27 21:33
466,841,story,Aenean auctor gravida sem.,544,1,2024/2/27 16:51
467,68,story,Curabitur in libero ut massa volutpat convallis.,708,0,2024/2/27 7:55
468,286,message,Duis at velit eu est congue elementum.,306,0,2024/2/27 22:37
469,299,message,Nulla mollis molestie lorem.,967,1,2024/2/27 4:51
470,584,message,"Lorem ipsum dolor sit amet, consectetuer adipiscing elit.",887,0,2024/2/27 12:05
471,324,message,Donec vitae nisi.,593,1,2024/2/27 16:54
472,669,message,Quisque porta volutpat erat.,836,0,2024/2/27 20:01
473,2,message,Cras in purus eu magna vulputate luctus.,957,1,2024/2/27 3:17
474,286,story,Aenean sit amet justo.,820,0,2024/2/27 5:05
475,922,story,Aliquam sit amet diam in magna bibendum imperdiet.,283,0,2024/2/27 1:08
476,122,message,In sagittis dui vel nisl.,847,1,2024/2/27 18:45
477,49,story,"Morbi vestibulum, velit id pretium iaculis, diam erat fermentum justo, nec condimentum neque sapien placerat ante.",578,1,2024/2/27 1:10
478,177,story,Aliquam non mauris.,608,1,2024/2/27 5:14
479,593,story,"Quisque arcu libero, rutrum ac, lobortis vel, dapibus at, diam.",229,0,2024/2/27 13:58
480,898,story,Maecenas tincidunt lacus at velit.,944,1,2024/2/27 17:37
481,778,message,Morbi vel lectus in quam fringilla rhoncus.,974,0,2024/2/27 6:50
482,49,story,Vestibulum ante ipsum primis in faucibus orci luctus et ultrices posuere cubilia Curae; Duis faucibus accumsan odio.,577,1,2024/2/27 0:55
483,94,message,Donec quis orci eget orci vehicula condimentum.,469,1,2024/2/27 1:32
484,825,message,Pellentesque eget nunc.,543,1,2024/2/27 2:34
485,540,message,"Fusce congue, diam id ornare imperdiet, sapien urna pretium nisl, ut volutpat sapien arcu sed augue.",753,1,2024/2/27 22:28
486,144,story,Donec quis orci eget orci vehicula condimentum.,892,0,2024/2/27 2:22
487,227,message,Suspendisse ornare consequat lectus.,353,1,2024/2/27 20:22
488,262,message,Pellentesque ultrices mattis odio.,32,1,2024/2/27 16:44
489,112,message,Praesent blandit lacinia erat.,706,0,2024/2/27 11:55
490,78,message,Nunc rhoncus dui vel sem.,927,1,2024/2/27 1:05
491,508,story,Vestibulum ac est lacinia nisi venenatis tristique.,288,1,2024/2/27 11:31
492,809,message,Quisque porta volutpat erat.,953,0,2024/2/27 5:34
493,556,message,Vestibulum ante ipsum primis in faucibus orci luctus et ultrices posuere cubilia Curae; Duis faucibus accumsan odio.,419,0,2024/2/27 6:02
494,10,story,Sed ante.,232,1,2024/2/27 0:58
495,661,message,Morbi a ipsum.,11,0,2024/2/27 6:01
496,629,message,"Nam congue, risus semper porta volutpat, quam pede lobortis ligula, sit amet eleifend pede libero quis orci.",333,0,2024/2/27 16:56
497,522,story,"Lorem ipsum dolor sit amet, consectetuer adipiscing elit.",975,1,2024/2/27 8:32
498,37,message,Sed vel enim sit amet nunc viverra dapibus.,540,1,2024/2/27 3:29
499,912,story,Suspendisse potenti.,217,0,2024/2/27 11:22
500,224,story,Mauris lacinia sapien quis libero.,284,1,2024/2/27 4:23
501,627,story,"Donec odio justo, sollicitudin ut, suscipit a, feugiat et, eros.",628,0,2024/2/27 1:41
502,580,message,Morbi non quam nec dui luctus rutrum.,774,0,2024/2/27 16:13
503,849,story,Integer a nibh.,872,0,2024/2/27 17:06
504,374,message,Nunc nisl.,506,0,2024/2/27 7:23
505,748,message,Proin interdum mauris non ligula pellentesque ultrices.,9,0,2024/2/27 8:24
506,743,message,Ut at dolor quis odio consequat varius.,50,1,2024/2/27 20:53
507,940,message,"Mauris enim leo, rhoncus sed, vestibulum sit amet, cursus id, turpis.",211,1,2024/2/27 7:03
508,806,message,"Nam congue, risus semper porta volutpat, quam pede lobortis ligula, sit amet eleifend pede libero quis orci.",2,0,2024/2/27 6:15
509,492,message,Suspendisse potenti.,638,1,2024/2/27 3:42
510,165,story,Donec vitae nisi.,60,0,2024/2/27 21:24
511,471,message,Nunc nisl.,910,1,2024/2/27 20:00
512,236,story,Aenean auctor gravida sem.,815,0,2024/2/27 1:56
513,673,story,Proin interdum mauris non ligula pellentesque ultrices.,261,1,2024/2/27 19:02
514,575,message,In hac habitasse platea dictumst.,59,0,2024/2/27 4:20
515,464,message,Morbi quis tortor id nulla ultrices aliquet.,412,1,2024/2/27 18:15
516,472,story,"Nulla neque libero, convallis eget, eleifend luctus, ultricies eu, nibh.",538,0,2024/2/27 11:40
517,20,story,Pellentesque at nulla.,447,0,2024/2/27 9:29
518,778,story,Vivamus vestibulum sagittis sapien.,846,0,2024/2/27 3:53
519,53,story,Integer ac neque.,88,1,2024/2/27 8:08
520,688,message,Cras non velit nec nisi vulputate nonummy.,276,0,2024/2/27 22:38
521,325,story,Proin at turpis a pede posuere nonummy.,679,1,2024/2/27 21:21
522,647,story,Integer a nibh.,804,1,2024/2/27 9:31
523,136,message,Praesent id massa id nisl venenatis lacinia.,911,1,2024/2/27 13:32
524,553,message,Donec ut dolor.,114,1,2024/2/27 12:24
525,604,story,Nullam sit amet turpis elementum ligula vehicula consequat.,893,0,2024/2/27 6:57
526,129,story,Vivamus vel nulla eget eros elementum pellentesque.,331,0,2024/2/27 0:41
527,647,story,Etiam faucibus cursus urna.,593,1,2024/2/27 6:26
528,250,message,Nullam sit amet turpis elementum ligula vehicula consequat.,993,1,2024/2/27 20:50
529,767,message,Sed vel enim sit amet nunc viverra dapibus.,663,1,2024/2/27 15:53
530,638,story,Nunc purus.,778,1,2024/2/27 23:19
531,256,message,Nullam porttitor lacus at turpis.,595,0,2024/2/27 17:25
532,581,message,Nullam molestie nibh in lectus.,516,0,2024/2/27 0:33
533,219,message,"Lorem ipsum dolor sit amet, consectetuer adipiscing elit.",758,1,2024/2/27 12:40
534,66,story,"Lorem ipsum dolor sit amet, consectetuer adipiscing elit.",284,1,2024/2/27 22:55
535,553,message,Vivamus vel nulla eget eros elementum pellentesque.,917,0,2024/2/27 10:42
536,663,message,Nulla facilisi.,25,0,2024/2/27 5:10
537,23,message,"Integer aliquet, massa id lobortis convallis, tortor risus dapibus augue, vel accumsan tellus nisi eu orci.",526,0,2024/2/27 3:46
538,430,story,Sed ante.,801,0,2024/2/27 0:53
539,11,story,Nunc nisl.,549,0,2024/2/27 20:41
540,675,message,Phasellus in felis.,529,1,2024/2/27 22:16
541,370,story,Maecenas rhoncus aliquam lacus.,141,0,2024/2/27 0:41
542,261,message,Duis mattis egestas metus.,103,0,2024/2/27 5:21
543,617,message,"Lorem ipsum dolor sit amet, consectetuer adipiscing elit.",798,1,2024/2/27 10:10
544,507,story,In eleifend quam a odio.,1000,0,2024/2/27 12:48
545,792,message,Phasellus sit amet erat.,283,0,2024/2/27 4:48
546,551,message,Donec vitae nisi.,296,0,2024/2/27 14:45
547,446,story,Donec ut dolor.,988,0,2024/2/27 5:23
548,725,message,Vestibulum rutrum rutrum neque.,831,1,2024/2/27 1:49
549,333,message,Nulla tempus.,413,0,2024/2/27 7:50
550,992,message,Aliquam erat volutpat.,648,1,2024/2/27 18:41
551,510,message,Fusce consequat.,886,0,2024/2/27 15:02
552,135,message,Suspendisse ornare consequat lectus.,54,1,2024/2/27 1:47
553,751,message,Vivamus in felis eu sapien cursus vestibulum.,276,0,2024/2/27 6:05
554,841,story,Sed vel enim sit amet nunc viverra dapibus.,882,1,2024/2/27 8:24
555,513,message,Nullam porttitor lacus at turpis.,22,1,2024/2/27 7:31
556,202,story,Duis mattis egestas metus.,932,1,2024/2/27 3:17
557,35,message,"Donec diam neque, vestibulum eget, vulputate ut, ultrices vel, augue.",959,1,2024/2/27 9:17
558,250,message,Donec quis orci eget orci vehicula condimentum.,473,1,2024/2/27 5:33
559,165,message,"Mauris enim leo, rhoncus sed, vestibulum sit amet, cursus id, turpis.",591,0,2024/2/27 21:36
560,880,story,Praesent blandit.,655,0,2024/2/27 2:25
561,406,story,"Fusce congue, diam id ornare imperdiet, sapien urna pretium nisl, ut volutpat sapien arcu sed augue.",308,0,2024/2/27 10:04
562,927,message,Phasellus id sapien in sapien iaculis congue.,627,1,2024/2/27 3:34
563,148,message,Nulla justo.,692,0,2024/2/27 16:33
564,837,story,Quisque porta volutpat erat.,314,0,2024/2/27 22:20
565,204,message,Nunc rhoncus dui vel sem.,158,1,2024/2/27 5:35
566,572,message,Nunc nisl.,877,0,2024/2/27 23:25
567,306,message,Phasellus in felis.,758,1,2024/2/27 22:08
568,703,message,Integer ac neque.,138,1,2024/2/27 10:48
569,439,story,In sagittis dui vel nisl.,626,1,2024/2/27 6:09
570,217,message,Vestibulum ac est lacinia nisi venenatis tristique.,358,1,2024/2/27 15:43
571,195,story,"Donec odio justo, sollicitudin ut, suscipit a, feugiat et, eros.",757,1,2024/2/27 17:41
572,966,story,Maecenas tincidunt lacus at velit.,856,1,2024/2/27 6:55
573,963,message,Duis mattis egestas metus.,748,1,2024/2/27 6:36
574,146,story,In blandit ultrices enim.,900,0,2024/2/27 3:13
575,639,message,Praesent blandit lacinia erat.,788,1,2024/2/27 18:39
576,983,message,Maecenas rhoncus aliquam lacus.,937,0,2024/2/27 3:22
577,682,message,"In tempor, turpis nec euismod scelerisque, quam turpis adipiscing lorem, vitae mattis nibh ligula nec sem.",8,0,2024/2/27 14:37
578,338,story,Cras in purus eu magna vulputate luctus.,310,1,2024/2/27 21:39
579,90,message,Ut at dolor quis odio consequat varius.,169,0,2024/2/27 9:12
580,50,story,Proin interdum mauris non ligula pellentesque ultrices.,970,0,2024/2/27 12:50
581,311,message,"Lorem ipsum dolor sit amet, consectetuer adipiscing elit.",558,1,2024/2/27 0:27
582,118,story,Sed sagittis.,792,1,2024/2/27 18:12
583,517,message,Donec ut dolor.,959,0,2024/2/27 14:04
584,476,message,Aenean fermentum.,227,1,2024/2/27 3:01
585,870,story,In sagittis dui vel nisl.,11,1,2024/2/27 9:23
586,43,message,Pellentesque eget nunc.,573,0,2024/2/27 12:50
587,671,story,Morbi quis tortor id nulla ultrices aliquet.,733,1,2024/2/27 15:06
588,493,message,In hac habitasse platea dictumst.,482,0,2024/2/27 19:10
589,520,story,Nam nulla.,613,1,2024/2/27 8:14
590,747,story,"Nulla neque libero, convallis eget, eleifend luctus, ultricies eu, nibh.",44,0,2024/2/27 18:10
591,307,story,Praesent lectus.,918,1,2024/2/27 20:38
592,585,story,Pellentesque at nulla.,694,1,2024/2/27 15:46
593,952,message,Suspendisse accumsan tortor quis turpis.,315,0,2024/2/27 1:57
594,187,message,"In tempor, turpis nec euismod scelerisque, quam turpis adipiscing lorem, vitae mattis nibh ligula nec sem.",347,0,2024/2/27 2:08
595,115,message,Nulla tempus.,296,1,2024/2/27 0:25
596,412,story,Sed vel enim sit amet nunc viverra dapibus.,830,1,2024/2/27 19:01
597,103,story,Suspendisse ornare consequat lectus.,829,0,2024/2/27 17:40
598,536,story,"Duis bibendum, felis sed interdum venenatis, turpis enim blandit mi, in porttitor pede justo eu massa.",780,1,2024/2/27 2:43
599,411,story,Duis mattis egestas metus.,703,1,2024/2/27 20:50
600,396,story,"Fusce lacus purus, aliquet at, feugiat non, pretium quis, lectus.",444,1,2024/2/27 4:09
601,981,message,"Morbi odio odio, elementum eu, interdum eu, tincidunt in, leo.",298,0,2024/2/27 9:26
602,90,message,Curabitur gravida nisi at nibh.,357,1,2024/2/27 5:33
603,908,message,Morbi quis tortor id nulla ultrices aliquet.,808,1,2024/2/27 14:34
604,622,message,Nulla justo.,131,0,2024/2/27 12:56
605,123,story,"Quisque arcu libero, rutrum ac, lobortis vel, dapibus at, diam.",138,1,2024/2/27 0:40
606,705,message,"In tempor, turpis nec euismod scelerisque, quam turpis adipiscing lorem, vitae mattis nibh ligula nec sem.",695,0,2024/2/27 5:44
607,616,story,"In tempor, turpis nec euismod scelerisque, quam turpis adipiscing lorem, vitae mattis nibh ligula nec sem.",180,0,2024/2/27 14:45
608,362,story,Cras non velit nec nisi vulputate nonummy.,85,1,2024/2/27 2:34
609,158,story,Pellentesque viverra pede ac diam.,486,0,2024/2/27 20:08
610,631,message,Duis bibendum.,988,1,2024/2/27 12:24
611,558,story,Quisque ut erat.,962,1,2024/2/27 9:20
612,135,message,Vestibulum sed magna at nunc commodo placerat.,723,0,2024/2/27 0:30
613,676,message,Duis aliquam convallis nunc.,178,0,2024/2/27 8:06
614,149,message,Praesent blandit lacinia erat.,531,1,2024/2/27 15:26
615,562,message,Praesent id massa id nisl venenatis lacinia.,287,1,2024/2/27 14:09
616,829,message,In quis justo.,575,0,2024/2/27 12:32
617,824,story,Donec ut mauris eget massa tempor convallis.,57,1,2024/2/27 15:10
618,867,story,Sed sagittis.,268,0,2024/2/27 20:09
619,233,message,Nam dui.,880,0,2024/2/27 0:42
620,995,story,"In tempor, turpis nec euismod scelerisque, quam turpis adipiscing lorem, vitae mattis nibh ligula nec sem.",311,1,2024/2/27 23:19
621,357,story,Integer non velit.,384,0,2024/2/27 7:12
622,860,story,"Morbi odio odio, elementum eu, interdum eu, tincidunt in, leo.",926,0,2024/2/27 2:50
623,126,message,Duis at velit eu est congue elementum.,122,0,2024/2/27 22:21
624,965,message,Etiam pretium iaculis justo.,97,1,2024/2/27 13:12
625,344,story,Cras in purus eu magna vulputate luctus.,759,0,2024/2/27 13:56
626,391,story,Integer tincidunt ante vel ipsum.,572,1,2024/2/27 16:59
627,712,message,"Aliquam augue quam, sollicitudin vitae, consectetuer eget, rutrum at, lorem.",861,0,2024/2/27 10:52
628,68,story,Nullam molestie nibh in lectus.,528,1,2024/2/27 19:02
629,661,message,Nulla ut erat id mauris vulputate elementum.,851,0,2024/2/27 5:30
630,654,story,Suspendisse potenti.,652,1,2024/2/27 21:50
631,469,message,Morbi non lectus.,436,1,2024/2/27 0:51
632,271,story,Etiam faucibus cursus urna.,731,0,2024/2/27 1:12
633,200,story,"Cum sociis natoque penatibus et magnis dis parturient montes, nascetur ridiculus mus.",897,1,2024/2/27 11:17
634,476,message,"Lorem ipsum dolor sit amet, consectetuer adipiscing elit.",628,0,2024/2/27 1:50
635,621,message,Duis mattis egestas metus.,84,1,2024/2/27 21:38
636,1,story,"Integer pede justo, lacinia eget, tincidunt eget, tempus vel, pede.",404,1,2024/2/27 4:55
637,453,message,Morbi ut odio.,685,0,2024/2/27 19:19
638,738,message,Etiam pretium iaculis justo.,116,1,2024/2/27 2:31
639,324,story,"Nam congue, risus semper porta volutpat, quam pede lobortis ligula, sit amet eleifend pede libero quis orci.",52,1,2024/2/27 18:26
640,341,message,Donec ut mauris eget massa tempor convallis.,146,0,2024/2/27 11:42
641,802,message,"Vivamus metus arcu, adipiscing molestie, hendrerit at, vulputate vitae, nisl.",897,0,2024/2/27 5:47
642,900,message,Praesent id massa id nisl venenatis lacinia.,301,0,2024/2/27 5:46
643,53,message,Suspendisse potenti.,130,0,2024/2/27 12:33
644,708,story,Donec quis orci eget orci vehicula condimentum.,965,1,2024/2/27 14:48
645,586,message,"Lorem ipsum dolor sit amet, consectetuer adipiscing elit.",400,0,2024/2/27 16:23
646,270,story,Cras in purus eu magna vulputate luctus.,186,1,2024/2/27 12:47
647,385,message,Cras non velit nec nisi vulputate nonummy.,812,1,2024/2/27 21:52
648,204,message,Donec quis orci eget orci vehicula condimentum.,425,1,2024/2/27 22:06
649,659,message,Etiam vel augue.,564,0,2024/2/27 7:28
650,876,message,"Fusce lacus purus, aliquet at, feugiat non, pretium quis, lectus.",465,0,2024/2/27 4:46
651,562,story,Cras in purus eu magna vulputate luctus.,448,1,2024/2/27 16:26
652,913,message,Mauris lacinia sapien quis libero.,257,0,2024/2/27 22:38
653,144,message,Nulla tempus.,780,0,2024/2/27 15:00
654,592,story,Nunc purus.,177,0,2024/2/27 18:13
655,861,story,Suspendisse potenti.,74,1,2024/2/27 7:25
656,263,story,Vestibulum ante ipsum primis in faucibus orci luctus et ultrices posuere cubilia Curae; Nulla dapibus dolor vel est.,432,1,2024/2/27 5:07
657,176,message,Aliquam non mauris.,332,1,2024/2/27 3:45
658,216,story,Duis ac nibh.,290,0,2024/2/27 8:10
659,479,story,Proin interdum mauris non ligula pellentesque ultrices.,367,0,2024/2/27 0:04
660,659,message,Donec quis orci eget orci vehicula condimentum.,950,1,2024/2/27 8:37
661,454,message,Nullam varius.,572,0,2024/2/27 6:56
662,815,message,Duis bibendum.,417,1,2024/2/27 19:45
663,210,story,Sed ante.,354,1,2024/2/27 21:26
664,880,story,Fusce consequat.,741,0,2024/2/27 11:33
665,217,story,Aliquam erat volutpat.,204,0,2024/2/27 12:32
666,403,message,"Nam congue, risus semper porta volutpat, quam pede lobortis ligula, sit amet eleifend pede libero quis orci.",323,1,2024/2/27 0:01
667,882,message,Nunc nisl.,899,0,2024/2/27 18:57
668,386,story,Phasellus sit amet erat.,152,1,2024/2/27 3:59
669,757,story,Pellentesque at nulla.,42,0,2024/2/27 7:47
670,673,story,Proin interdum mauris non ligula pellentesque ultrices.,495,1,2024/2/27 20:31
671,981,message,Mauris ullamcorper purus sit amet nulla.,479,0,2024/2/27 1:11
672,738,story,Suspendisse potenti.,773,0,2024/2/27 10:20
673,314,story,"In est risus, auctor sed, tristique in, tempus sit amet, sem.",852,0,2024/2/27 15:30
674,346,message,Vestibulum ac est lacinia nisi venenatis tristique.,780,1,2024/2/27 19:02
675,805,message,Maecenas ut massa quis augue luctus tincidunt.,371,0,2024/2/27 17:14
676,8,message,Aliquam quis turpis eget elit sodales scelerisque.,583,1,2024/2/27 15:08
677,598,story,"Integer pede justo, lacinia eget, tincidunt eget, tempus vel, pede.",534,0,2024/2/27 2:25
678,989,story,Cras pellentesque volutpat dui.,306,0,2024/2/27 21:43
679,85,story,Ut at dolor quis odio consequat varius.,115,1,2024/2/27 14:19
680,831,story,Cras non velit nec nisi vulputate nonummy.,87,0,2024/2/27 14:59
681,502,message,Vivamus vel nulla eget eros elementum pellentesque.,137,0,2024/2/27 22:32
682,145,story,Nam nulla.,132,1,2024/2/27 14:36
683,980,story,"Maecenas leo odio, condimentum id, luctus nec, molestie sed, justo.",845,0,2024/2/27 20:27
684,81,story,"Quisque erat eros, viverra eget, congue eget, semper rutrum, nulla.",279,1,2024/2/27 2:14
685,421,message,Duis mattis egestas metus.,274,1,2024/2/27 15:35
686,96,story,Nam dui.,139,0,2024/2/27 16:27
687,617,message,Proin at turpis a pede posuere nonummy.,981,0,2024/2/27 16:21
688,851,story,Pellentesque ultrices mattis odio.,693,1,2024/2/27 4:30
689,569,message,In blandit ultrices enim.,161,0,2024/2/27 21:28
690,131,story,Morbi vel lectus in quam fringilla rhoncus.,939,0,2024/2/27 1:12
691,141,story,In sagittis dui vel nisl.,508,1,2024/2/27 17:33
692,5,message,Nulla ut erat id mauris vulputate elementum.,145,1,2024/2/27 18:10
693,805,message,Quisque id justo sit amet sapien dignissim vestibulum.,145,0,2024/2/27 22:53
694,652,message,Proin at turpis a pede posuere nonummy.,994,0,2024/2/27 1:35
695,387,story,Aliquam non mauris.,758,1,2024/2/27 5:42
696,946,story,"Nulla neque libero, convallis eget, eleifend luctus, ultricies eu, nibh.",567,0,2024/2/27 14:15
697,933,message,Nullam varius.,149,1,2024/2/27 12:21
698,9,message,Aliquam non mauris.,384,1,2024/2/27 9:40
699,772,story,Donec ut dolor.,79,1,2024/2/27 8:32
700,767,message,Etiam vel augue.,625,1,2024/2/27 3:51
701,36,story,"Quisque arcu libero, rutrum ac, lobortis vel, dapibus at, diam.",620,1,2024/2/27 1:19
702,119,story,"Integer pede justo, lacinia eget, tincidunt eget, tempus vel, pede.",730,0,2024/2/27 0:08
703,250,message,In sagittis dui vel nisl.,105,0,2024/2/27 20:22
704,342,message,Vivamus vestibulum sagittis sapien.,660,1,2024/2/27 4:58
705,11,message,Nulla ac enim.,774,0,2024/2/27 9:05
706,420,story,Donec ut dolor.,300,0,2024/2/27 1:00
707,917,story,Nunc rhoncus dui vel sem.,95,1,2024/2/27 22:44
708,704,message,"Nam congue, risus semper porta volutpat, quam pede lobortis ligula, sit amet eleifend pede libero quis orci.",192,1,2024/2/27 10:15
709,42,story,Nunc nisl.,21,0,2024/2/27 7:34
710,632,message,Mauris ullamcorper purus sit amet nulla.,314,1,2024/2/27 2:17
711,863,message,Nulla tellus.,546,0,2024/2/27 0:20
712,454,message,Vestibulum ante ipsum primis in faucibus orci luctus et ultrices posuere cubilia Curae; Mauris viverra diam vitae quam.,379,0,2024/2/27 20:20
713,855,story,Vestibulum ante ipsum primis in faucibus orci luctus et ultrices posuere cubilia Curae; Nulla dapibus dolor vel est.,397,0,2024/2/27 18:50
714,678,story,Fusce consequat.,562,1,2024/2/27 14:25
715,946,story,Vivamus in felis eu sapien cursus vestibulum.,55,0,2024/2/27 17:55
716,231,message,Sed accumsan felis.,534,0,2024/2/27 7:54
717,554,message,"Fusce lacus purus, aliquet at, feugiat non, pretium quis, lectus.",648,0,2024/2/27 13:10
718,830,story,Morbi porttitor lorem id ligula.,615,1,2024/2/27 20:18
719,668,story,Vestibulum rutrum rutrum neque.,332,0,2024/2/27 5:03
720,777,story,Vestibulum ante ipsum primis in faucibus orci luctus et ultrices posuere cubilia Curae; Mauris viverra diam vitae quam.,523,0,2024/2/27 12:16
721,504,message,Vestibulum rutrum rutrum neque.,389,1,2024/2/27 5:45
722,57,message,Integer a nibh.,374,1,2024/2/27 7:17
723,720,message,Duis bibendum.,501,1,2024/2/27 3:34
724,809,message,"In est risus, auctor sed, tristique in, tempus sit amet, sem.",21,0,2024/2/27 3:55
725,993,story,Aenean sit amet justo.,260,0,2024/2/27 9:49
726,149,story,Vivamus tortor.,310,0,2024/2/27 14:46
727,436,story,"Lorem ipsum dolor sit amet, consectetuer adipiscing elit.",633,1,2024/2/27 0:19
728,767,message,Proin eu mi.,223,1,2024/2/27 10:03
729,266,story,Donec ut dolor.,726,0,2024/2/27 10:08
730,642,story,Nulla facilisi.,101,1,2024/2/27 1:52
731,712,message,Nullam varius.,868,1,2024/2/27 13:24
732,769,story,Etiam justo.,876,0,2024/2/27 17:55
733,645,story,Nam nulla.,527,1,2024/2/27 11:12
734,968,story,"Morbi vestibulum, velit id pretium iaculis, diam erat fermentum justo, nec condimentum neque sapien placerat ante.",488,1,2024/2/27 22:35
735,23,message,Nulla tellus.,38,1,2024/2/27 4:11
736,653,message,"In est risus, auctor sed, tristique in, tempus sit amet, sem.",768,1,2024/2/27 21:41
737,420,message,Phasellus in felis.,765,1,2024/2/27 14:47
738,309,message,Duis aliquam convallis nunc.,368,0,2024/2/27 23:23
739,943,story,Vestibulum ac est lacinia nisi venenatis tristique.,229,0,2024/2/27 13:58
740,653,story,Duis at velit eu est congue elementum.,79,1,2024/2/27 15:09
741,126,message,Aliquam erat volutpat.,624,0,2024/2/27 5:25
742,391,message,Nullam molestie nibh in lectus.,295,1,2024/2/27 20:25
743,420,story,Suspendisse ornare consequat lectus.,646,1,2024/2/27 13:26
744,889,story,Morbi ut odio.,147,0,2024/2/27 4:21
745,588,story,Proin interdum mauris non ligula pellentesque ultrices.,12,0,2024/2/27 2:22
746,902,story,Proin interdum mauris non ligula pellentesque ultrices.,283,1,2024/2/27 14:42
747,20,message,Phasellus sit amet erat.,148,0,2024/2/27 13:42
748,789,message,Aenean sit amet justo.,104,0,2024/2/27 0:58
749,686,message,Curabitur convallis.,973,1,2024/2/27 19:09
750,174,story,"Nullam orci pede, venenatis non, sodales sed, tincidunt eu, felis.",521,1,2024/2/27 5:58
751,402,message,Vivamus tortor.,101,0,2024/2/27 13:06
752,931,story,Etiam justo.,666,1,2024/2/27 7:18
753,878,message,In quis justo.,808,1,2024/2/27 13:21
754,230,story,Fusce posuere felis sed lacus.,135,1,2024/2/27 20:55
755,496,message,"Fusce congue, diam id ornare imperdiet, sapien urna pretium nisl, ut volutpat sapien arcu sed augue.",465,0,2024/2/27 22:27
756,148,message,Nunc nisl.,417,1,2024/2/27 10:20
757,176,story,Nulla facilisi.,236,0,2024/2/27 21:29
758,586,message,Aliquam quis turpis eget elit sodales scelerisque.,73,1,2024/2/27 22:33
759,326,message,Nullam molestie nibh in lectus.,334,1,2024/2/27 19:32
760,955,message,"Aliquam augue quam, sollicitudin vitae, consectetuer eget, rutrum at, lorem.",423,1,2024/2/27 1:43
761,105,story,Vestibulum sed magna at nunc commodo placerat.,676,0,2024/2/27 11:35
762,453,story,In hac habitasse platea dictumst.,854,1,2024/2/27 21:24
763,165,message,"Quisque arcu libero, rutrum ac, lobortis vel, dapibus at, diam.",262,1,2024/2/27 17:58
764,514,message,Maecenas rhoncus aliquam lacus.,722,1,2024/2/27 5:14
765,577,message,Nulla mollis molestie lorem.,688,1,2024/2/27 5:50
766,375,story,Phasellus id sapien in sapien iaculis congue.,336,1,2024/2/27 3:42
767,794,story,Curabitur convallis.,932,0,2024/2/27 9:00
768,938,message,Nulla tellus.,620,1,2024/2/27 14:31
769,270,message,Nulla mollis molestie lorem.,722,0,2024/2/27 9:20
770,202,message,Phasellus sit amet erat.,260,0,2024/2/27 7:43
771,574,story,Vestibulum ac est lacinia nisi venenatis tristique.,491,1,2024/2/27 17:06
772,547,message,Vestibulum ante ipsum primis in faucibus orci luctus et ultrices posuere cubilia Curae; Duis faucibus accumsan odio.,82,0,2024/2/27 10:08
773,646,story,In hac habitasse platea dictumst.,478,0,2024/2/27 23:06
774,526,message,Maecenas pulvinar lobortis est.,77,1,2024/2/27 19:04
775,453,story,Duis bibendum.,525,0,2024/2/27 22:09
776,814,story,Maecenas ut massa quis augue luctus tincidunt.,6,0,2024/2/27 15:14
777,744,message,Nam tristique tortor eu pede.,716,0,2024/2/27 11:33
778,542,message,Donec semper sapien a libero.,707,0,2024/2/27 11:46
779,407,story,Morbi quis tortor id nulla ultrices aliquet.,270,1,2024/2/27 7:14
780,36,story,"Lorem ipsum dolor sit amet, consectetuer adipiscing elit.",999,1,2024/2/27 20:27
781,767,message,In blandit ultrices enim.,47,0,2024/2/27 14:25
782,665,story,Donec ut mauris eget massa tempor convallis.,958,1,2024/2/27 5:44
783,908,message,Nunc nisl.,67,1,2024/2/27 20:23
784,457,story,Curabitur gravida nisi at nibh.,692,0,2024/2/27 0:02
785,342,story,"Proin leo odio, porttitor id, consequat in, consequat ut, nulla.",633,0,2024/2/27 9:45
786,806,story,Aenean lectus.,585,1,2024/2/27 14:36
787,362,message,Phasellus id sapien in sapien iaculis congue.,284,0,2024/2/27 13:21
788,302,story,Phasellus in felis.,194,0,2024/2/27 7:14
789,787,message,Morbi non lectus.,487,1,2024/2/27 6:54
790,426,message,In quis justo.,232,1,2024/2/27 9:20
791,584,message,Pellentesque viverra pede ac diam.,364,1,2024/2/27 11:59
792,346,message,Aliquam non mauris.,313,1,2024/2/27 22:08
793,988,message,In hac habitasse platea dictumst.,546,1,2024/2/27 15:40
794,725,story,Pellentesque at nulla.,731,0,2024/2/27 9:22
795,232,story,"Morbi odio odio, elementum eu, interdum eu, tincidunt in, leo.",467,1,2024/2/27 11:39
796,447,story,Ut at dolor quis odio consequat varius.,93,0,2024/2/27 16:18
797,20,message,Cras non velit nec nisi vulputate nonummy.,527,0,2024/2/27 21:26
798,956,message,Nam dui.,142,0,2024/2/27 3:33
799,759,story,Praesent lectus.,242,0,2024/2/27 17:21
800,718,message,Pellentesque ultrices mattis odio.,732,1,2024/2/27 19:16
801,102,message,Morbi porttitor lorem id ligula.,790,1,2024/2/27 1:04
802,633,message,Quisque porta volutpat erat.,650,1,2024/2/27 4:26
803,268,story,Etiam pretium iaculis justo.,882,0,2024/2/27 23:51
804,52,message,Morbi a ipsum.,528,0,2024/2/27 16:06
805,208,story,Sed accumsan felis.,572,0,2024/2/27 1:13
806,640,message,Aenean fermentum.,672,0,2024/2/27 9:59
807,484,message,Suspendisse potenti.,561,1,2024/2/27 5:09
808,758,story,Vestibulum rutrum rutrum neque.,310,1,2024/2/27 15:08
809,673,story,Praesent lectus.,677,0,2024/2/27 4:03
810,74,story,In congue.,186,1,2024/2/27 3:49
811,20,message,Curabitur convallis.,644,0,2024/2/27 0:00
812,150,story,"Nam ultrices, libero non mattis pulvinar, nulla pede ullamcorper augue, a suscipit nulla elit ac nulla.",172,0,2024/2/27 21:19
813,634,message,"Cum sociis natoque penatibus et magnis dis parturient montes, nascetur ridiculus mus.",410,0,2024/2/27 13:20
814,856,message,Aliquam non mauris.,95,1,2024/2/27 8:44
815,509,message,Nulla suscipit ligula in lacus.,385,0,2024/2/27 9:59
816,673,story,Donec ut mauris eget massa tempor convallis.,981,1,2024/2/27 15:04
817,308,message,Nullam sit amet turpis elementum ligula vehicula consequat.,595,1,2024/2/27 22:33
818,684,message,Duis mattis egestas metus.,74,1,2024/2/27 20:00
819,863,story,Maecenas pulvinar lobortis est.,429,0,2024/2/27 13:26
820,435,message,Quisque porta volutpat erat.,216,0,2024/2/27 8:03
821,883,story,Nunc rhoncus dui vel sem.,575,0,2024/2/27 22:44
822,957,message,"Aliquam augue quam, sollicitudin vitae, consectetuer eget, rutrum at, lorem.",901,1,2024/2/27 20:02
823,461,message,In quis justo.,62,0,2024/2/27 13:03
824,765,story,Integer ac neque.,289,0,2024/2/27 23:29
825,53,message,Morbi ut odio.,913,0,2024/2/27 8:06
826,270,message,Maecenas rhoncus aliquam lacus.,22,0,2024/2/27 20:41
827,545,message,Pellentesque at nulla.,335,1,2024/2/27 13:24
828,189,message,"Quisque erat eros, viverra eget, congue eget, semper rutrum, nulla.",685,1,2024/2/27 17:26
829,849,message,"Nullam orci pede, venenatis non, sodales sed, tincidunt eu, felis.",807,0,2024/2/27 16:36
830,629,story,Nulla suscipit ligula in lacus.,829,0,2024/2/27 10:03
831,714,story,"Cum sociis natoque penatibus et magnis dis parturient montes, nascetur ridiculus mus.",739,1,2024/2/27 0:09
832,399,story,"Vestibulum ante ipsum primis in faucibus orci luctus et ultrices posuere cubilia Curae; Donec pharetra, magna vestibulum aliquet ultrices, erat tortor sollicitudin mi, sit amet lobortis sapien sapien non mi.",833,1,2024/2/27 0:40
833,967,story,Nam dui.,431,0,2024/2/27 18:43
834,257,message,Morbi vel lectus in quam fringilla rhoncus.,551,0,2024/2/27 10:12
835,620,story,Praesent lectus.,259,0,2024/2/27 1:30
836,535,story,Praesent blandit.,959,0,2024/2/27 3:48
837,75,message,Nulla justo.,755,1,2024/2/27 16:31
838,718,story,Donec vitae nisi.,399,0,2024/2/27 16:18
839,89,message,Cras in purus eu magna vulputate luctus.,954,1,2024/2/27 3:47
840,147,message,Duis mattis egestas metus.,507,1,2024/2/27 17:52
841,398,story,Quisque ut erat.,19,0,2024/2/27 5:46
842,557,message,Fusce posuere felis sed lacus.,996,1,2024/2/27 1:00
843,226,message,"Nullam orci pede, venenatis non, sodales sed, tincidunt eu, felis.",883,1,2024/2/27 23:46
844,942,story,Nulla tempus.,654,0,2024/2/27 16:13
845,965,story,"Fusce lacus purus, aliquet at, feugiat non, pretium quis, lectus.",841,0,2024/2/27 22:49
846,441,message,In sagittis dui vel nisl.,694,0,2024/2/27 14:12
847,538,story,Integer a nibh.,24,1,2024/2/27 6:30
848,787,message,Vestibulum ante ipsum primis in faucibus orci luctus et ultrices posuere cubilia Curae; Nulla dapibus dolor vel est.,725,1,2024/2/27 8:19
849,367,story,"Cum sociis natoque penatibus et magnis dis parturient montes, nascetur ridiculus mus.",328,0,2024/2/27 7:32
850,159,story,Vestibulum ante ipsum primis in faucibus orci luctus et ultrices posuere cubilia Curae; Duis faucibus accumsan odio.,144,0,2024/2/27 17:51
851,138,message,Etiam faucibus cursus urna.,672,0,2024/2/27 2:31
852,510,story,Integer ac leo.,940,0,2024/2/27 20:45
853,727,story,Morbi porttitor lorem id ligula.,175,1,2024/2/27 4:42
854,340,message,Suspendisse potenti.,950,0,2024/2/27 8:44
855,939,story,Nulla ut erat id mauris vulputate elementum.,164,1,2024/2/27 2:30
856,247,message,Vivamus vel nulla eget eros elementum pellentesque.,477,0,2024/2/27 15:07
857,734,message,"Cras mi pede, malesuada in, imperdiet et, commodo vulputate, justo.",882,0,2024/2/27 3:43
858,985,message,Nulla nisl.,701,0,2024/2/27 14:21
859,726,story,"Lorem ipsum dolor sit amet, consectetuer adipiscing elit.",328,0,2024/2/27 4:06
860,742,story,Curabitur in libero ut massa volutpat convallis.,453,1,2024/2/27 2:51
861,229,story,Aliquam quis turpis eget elit sodales scelerisque.,193,0,2024/2/27 1:34
862,477,story,Nam dui.,239,1,2024/2/27 3:26
863,818,message,Curabitur in libero ut massa volutpat convallis.,501,1,2024/2/27 4:25
864,392,story,"Nullam orci pede, venenatis non, sodales sed, tincidunt eu, felis.",48,1,2024/2/27 11:19
865,178,story,Curabitur convallis.,886,1,2024/2/27 4:19
866,692,message,Nulla justo.,677,0,2024/2/27 13:37
867,217,message,Vestibulum ac est lacinia nisi venenatis tristique.,710,1,2024/2/27 23:46
868,333,story,Nullam porttitor lacus at turpis.,500,1,2024/2/27 7:34
869,379,story,"Nam ultrices, libero non mattis pulvinar, nulla pede ullamcorper augue, a suscipit nulla elit ac nulla.",413,0,2024/2/27 5:01
870,398,story,Nulla facilisi.,12,0,2024/2/27 1:03
871,219,message,Pellentesque ultrices mattis odio.,477,1,2024/2/27 11:41
872,104,message,Praesent blandit lacinia erat.,805,1,2024/2/27 9:13
873,389,story,Morbi vel lectus in quam fringilla rhoncus.,319,0,2024/2/27 12:42
874,932,story,"Maecenas leo odio, condimentum id, luctus nec, molestie sed, justo.",144,1,2024/2/27 15:57
875,328,story,"Lorem ipsum dolor sit amet, consectetuer adipiscing elit.",88,1,2024/2/27 23:31
876,671,message,Nam dui.,831,0,2024/2/27 11:08
877,327,message,"Cum sociis natoque penatibus et magnis dis parturient montes, nascetur ridiculus mus.",863,1,2024/2/27 7:33
878,892,message,In blandit ultrices enim.,863,1,2024/2/27 4:54
879,675,message,Suspendisse ornare consequat lectus.,10,1,2024/2/27 17:25
880,136,message,Maecenas pulvinar lobortis est.,537,1,2024/2/27 23:04
881,672,message,"Quisque arcu libero, rutrum ac, lobortis vel, dapibus at, diam.",149,0,2024/2/27 4:53
882,543,story,Morbi non lectus.,673,0,2024/2/27 20:09
883,519,story,Proin interdum mauris non ligula pellentesque ultrices.,956,0,2024/2/27 7:48
884,862,story,Vivamus in felis eu sapien cursus vestibulum.,968,0,2024/2/27 2:01
885,121,message,Morbi non lectus.,553,1,2024/2/27 0:44
886,394,message,In blandit ultrices enim.,345,1,2024/2/27 10:24
887,848,message,Vestibulum ante ipsum primis in faucibus orci luctus et ultrices posuere cubilia Curae; Mauris viverra diam vitae quam.,97,1,2024/2/27 12:36
888,419,message,In eleifend quam a odio.,325,1,2024/2/27 10:32
889,257,message,Cras pellentesque volutpat dui.,714,0,2024/2/27 23:26
890,940,story,"Integer pede justo, lacinia eget, tincidunt eget, tempus vel, pede.",949,0,2024/2/27 5:28
891,924,message,In hac habitasse platea dictumst.,993,0,2024/2/27 9:17
892,433,message,"Nullam orci pede, venenatis non, sodales sed, tincidunt eu, felis.",508,1,2024/2/27 13:38
893,948,message,Etiam vel augue.,969,1,2024/2/27 14:20
894,685,story,"Fusce congue, diam id ornare imperdiet, sapien urna pretium nisl, ut volutpat sapien arcu sed augue.",540,0,2024/2/27 5:32
895,513,message,Donec dapibus.,629,0,2024/2/27 9:31
896,618,story,Morbi ut odio.,678,1,2024/2/27 19:03
897,192,story,Nullam porttitor lacus at turpis.,899,0,2024/2/27 22:33
898,598,story,Praesent id massa id nisl venenatis lacinia.,716,0,2024/2/27 7:50
899,69,story,Etiam pretium iaculis justo.,946,0,2024/2/27 17:53
900,250,story,Suspendisse potenti.,4,0,2024/2/27 12:37
901,846,message,Duis mattis egestas metus.,679,0,2024/2/27 7:05
902,24,story,Maecenas rhoncus aliquam lacus.,83,0,2024/2/27 19:02
903,987,message,Etiam pretium iaculis justo.,987,0,2024/2/27 20:22
904,616,story,"Maecenas leo odio, condimentum id, luctus nec, molestie sed, justo.",350,1,2024/2/27 20:17
905,839,story,Aenean sit amet justo.,652,1,2024/2/27 11:02
906,239,message,Aliquam non mauris.,963,0,2024/2/27 7:31
907,452,story,Quisque id justo sit amet sapien dignissim vestibulum.,760,0,2024/2/27 8:01
908,402,message,"Morbi odio odio, elementum eu, interdum eu, tincidunt in, leo.",302,1,2024/2/27 3:15
909,346,message,Aenean fermentum.,633,1,2024/2/27 8:56
910,468,message,Integer ac leo.,663,0,2024/2/27 12:23
911,754,story,Fusce posuere felis sed lacus.,312,1,2024/2/27 20:25
912,616,story,Nulla justo.,524,0,2024/2/27 23:26
913,623,story,"Vestibulum quam sapien, varius ut, blandit non, interdum in, ante.",723,0,2024/2/27 2:04
914,947,story,"Integer pede justo, lacinia eget, tincidunt eget, tempus vel, pede.",555,1,2024/2/27 4:13
915,576,message,"Morbi sem mauris, laoreet ut, rhoncus aliquet, pulvinar sed, nisl.",728,0,2024/2/27 13:49
916,593,message,Aenean fermentum.,917,1,2024/2/27 2:30
917,799,story,Curabitur gravida nisi at nibh.,881,0,2024/2/27 9:10
918,176,message,Aenean fermentum.,230,1,2024/2/27 14:07
919,27,story,Phasellus id sapien in sapien iaculis congue.,125,0,2024/2/27 20:16
920,383,story,Pellentesque ultrices mattis odio.,715,0,2024/2/27 19:21
921,746,story,Curabitur gravida nisi at nibh.,147,0,2024/2/27 11:44
922,355,message,"Maecenas tristique, est et tempus semper, est quam pharetra magna, ac consequat metus sapien ut nunc.",808,0,2024/2/27 23:28
923,976,story,In hac habitasse platea dictumst.,553,1,2024/2/27 12:23
924,557,story,Nulla tellus.,957,0,2024/2/27 11:10
925,935,message,In congue.,628,1,2024/2/27 6:48
926,52,story,"Donec odio justo, sollicitudin ut, suscipit a, feugiat et, eros.",354,1,2024/2/27 17:01
927,388,message,"Fusce congue, diam id ornare imperdiet, sapien urna pretium nisl, ut volutpat sapien arcu sed augue.",833,0,2024/2/27 2:38
928,595,message,"Lorem ipsum dolor sit amet, consectetuer adipiscing elit.",927,1,2024/2/27 4:28
929,528,message,"Morbi odio odio, elementum eu, interdum eu, tincidunt in, leo.",852,1,2024/2/27 23:45
930,955,message,Vestibulum ante ipsum primis in faucibus orci luctus et ultrices posuere cubilia Curae; Nulla dapibus dolor vel est.,429,1,2024/2/27 21:15
931,266,message,Morbi quis tortor id nulla ultrices aliquet.,248,1,2024/2/27 8:04
932,579,message,Duis consequat dui nec nisi volutpat eleifend.,524,1,2024/2/27 12:16
933,412,story,Curabitur convallis.,434,1,2024/2/27 14:31
934,270,story,Nunc nisl.,885,1,2024/2/27 3:21
935,686,story,Morbi quis tortor id nulla ultrices aliquet.,950,1,2024/2/27 14:25
936,989,message,Ut tellus.,641,0,2024/2/27 9:14
937,909,story,Sed accumsan felis.,369,1,2024/2/27 4:55
938,467,story,Vestibulum ante ipsum primis in faucibus orci luctus et ultrices posuere cubilia Curae; Nulla dapibus dolor vel est.,646,1,2024/2/27 22:05
939,623,story,"Nulla neque libero, convallis eget, eleifend luctus, ultricies eu, nibh.",199,1,2024/2/27 10:10
940,638,story,Maecenas rhoncus aliquam lacus.,86,1,2024/2/27 4:37
941,289,message,Sed vel enim sit amet nunc viverra dapibus.,367,0,2024/2/27 23:29
942,419,story,Aenean sit amet justo.,792,1,2024/2/27 5:03
943,886,message,In sagittis dui vel nisl.,693,1,2024/2/27 2:00
944,14,story,Vivamus vel nulla eget eros elementum pellentesque.,270,1,2024/2/27 0:08
945,788,story,Nam tristique tortor eu pede.,859,0,2024/2/27 9:21
946,901,message,Maecenas pulvinar lobortis est.,909,1,2024/2/27 3:42
947,763,story,Aenean auctor gravida sem.,780,1,2024/2/27 7:34
948,249,story,Vivamus vestibulum sagittis sapien.,671,0,2024/2/27 20:45
949,823,message,Quisque ut erat.,447,1,2024/2/27 10:26
950,159,story,Pellentesque ultrices mattis odio.,261,0,2024/2/27 6:05
951,526,story,"Maecenas tristique, est et tempus semper, est quam pharetra magna, ac consequat metus sapien ut nunc.",26,0,2024/2/27 10:23
952,43,message,Maecenas rhoncus aliquam lacus.,462,1,2024/2/27 0:03
953,310,story,Sed vel enim sit amet nunc viverra dapibus.,429,0,2024/2/27 8:47
954,924,message,Integer non velit.,167,0,2024/2/27 6:26
955,841,message,Proin at turpis a pede posuere nonummy.,579,1,2024/2/27 14:07
956,249,story,Sed ante.,817,0,2024/2/27 3:35
957,808,story,In hac habitasse platea dictumst.,530,1,2024/2/27 3:45
958,195,story,Nulla mollis molestie lorem.,500,1,2024/2/27 16:33
959,898,message,Integer tincidunt ante vel ipsum.,629,1,2024/2/27 12:15
960,25,message,Maecenas tincidunt lacus at velit.,219,1,2024/2/27 22:20
961,632,message,Morbi quis tortor id nulla ultrices aliquet.,935,0,2024/2/27 12:00
962,559,story,"Mauris enim leo, rhoncus sed, vestibulum sit amet, cursus id, turpis.",841,0,2024/2/27 18:56
963,465,story,"Vestibulum ante ipsum primis in faucibus orci luctus et ultrices posuere cubilia Curae; Donec pharetra, magna vestibulum aliquet ultrices, erat tortor sollicitudin mi, sit amet lobortis sapien sapien non mi.",448,0,2024/2/27 19:54
964,540,story,Proin risus.,259,1,2024/2/27 13:46
965,82,story,Aliquam non mauris.,117,0,2024/2/27 3:51
966,681,message,Vivamus vel nulla eget eros elementum pellentesque.,7,1,2024/2/27 17:40
967,226,story,"Fusce lacus purus, aliquet at, feugiat non, pretium quis, lectus.",118,1,2024/2/27 5:40
968,594,story,Suspendisse potenti.,9,0,2024/2/27 21:40
969,532,message,Nullam varius.,418,1,2024/2/27 13:29
970,634,story,Pellentesque ultrices mattis odio.,429,0,2024/2/27 17:03
971,612,message,Sed sagittis.,571,1,2024/2/27 21:46
972,195,story,In eleifend quam a odio.,191,1,2024/2/27 15:26
973,20,story,"Cum sociis natoque penatibus et magnis dis parturient montes, nascetur ridiculus mus.",66,0,2024/2/27 16:49
974,476,story,Vivamus in felis eu sapien cursus vestibulum.,452,0,2024/2/27 3:16
975,5,story,Cras non velit nec nisi vulputate nonummy.,853,0,2024/2/27 21:05
976,162,story,Praesent lectus.,652,0,2024/2/27 8:25
977,269,story,"Mauris enim leo, rhoncus sed, vestibulum sit amet, cursus id, turpis.",608,1,2024/2/27 2:12
978,379,message,Etiam faucibus cursus urna.,931,0,2024/2/27 15:49
979,600,message,"Nam ultrices, libero non mattis pulvinar, nulla pede ullamcorper augue, a suscipit nulla elit ac nulla.",74,0,2024/2/27 6:00
980,184,message,Integer ac leo.,501,1,2024/2/27 23:01
981,447,story,Maecenas pulvinar lobortis est.,755,1,2024/2/27 11:13
982,242,story,"In est risus, auctor sed, tristique in, tempus sit amet, sem.",792,0,2024/2/27 8:46
983,381,message,"Quisque arcu libero, rutrum ac, lobortis vel, dapibus at, diam.",407,1,2024/2/27 3:09
984,764,message,In hac habitasse platea dictumst.,650,0,2024/2/27 3:26
985,283,story,"Morbi odio odio, elementum eu, interdum eu, tincidunt in, leo.",97,1,2024/2/27 4:43
986,560,story,Proin at turpis a pede posuere nonummy.,634,0,2024/2/27 10:05
987,668,message,Ut at dolor quis odio consequat varius.,620,0,2024/2/27 3:33
988,779,message,"In est risus, auctor sed, tristique in, tempus sit amet, sem.",338,1,2024/2/27 16:23
989,948,message,Aenean fermentum.,561,0,2024/2/27 14:58
990,334,story,"Maecenas leo odio, condimentum id, luctus nec, molestie sed, justo.",916,1,2024/2/27 6:47
991,305,story,Quisque id justo sit amet sapien dignissim vestibulum.,356,1,2024/2/27 8:29
992,12,message,Donec dapibus.,824,1,2024/2/27 8:58
993,172,story,Quisque porta volutpat erat.,119,1,2024/2/27 21:13
994,212,story,Suspendisse potenti.,156,1,2024/2/27 2:36
995,50,message,In hac habitasse platea dictumst.,940,0,2024/2/27 2:30
996,898,story,Vestibulum ante ipsum primis in faucibus orci luctus et ultrices posuere cubilia Curae; Nulla dapibus dolor vel est.,890,1,2024/2/27 1:50
997,867,message,Proin eu mi.,897,0,2024/2/27 18:58
998,698,message,Morbi vel lectus in quam fringilla rhoncus.,778,1,2024/2/27 18:26
999,175,story,Curabitur convallis.,425,0,2024/2/27 13:13
1000,16,story,"Morbi vestibulum, velit id pretium iaculis, diam erat fermentum justo, nec condimentum neque sapien placerat ante.",65,0,2024/2/27 21:34
